Model,Accuracy,F1 Score,ROC AUC
XGBoost,0.8246182322998612,0.709021113243762,0.9191435193245967
MLP Classifier,0.8331790837575197,0.6789848619768477,0.8922605938902906
Logistic Regression,0.8378065710319297,0.6510701841712294,0.8935009108390729
Random Forest,0.8294770939379916,0.649548264384213,0.8803911947415797
K-Nearest Neighbors,0.8206848681166127,0.6237864077669902,0.8452133551273433
